{"initial_reset_timestamp": 1603130022.2770612, "timestamps": [1603130035.5862083, 1603130041.1295772, 1603130045.4503036], "episode_lengths": [11, 5, 5], "episode_rewards": [7.755555555555555, 3.8444444444444446, 3.7333333333333334], "episode_rewards_": [[0.7999999999999999, 0.6666666666666666, 0.6666666666666666, 0.6666666666666666, 0.7999999999999999, 0.8222222222222223, 0.8222222222222223, 0.9555555555555556, 0.8222222222222223, 0.688888888888889, 0.04444444444444443], [0.8666666666666667, 0.8666666666666667, 0.8444444444444444, 0.9777777777777779, 0.2888888888888889], [0.8666666666666667, 1.0, 0.8666666666666667, 0.8444444444444444, 0.15555555555555559]], "episode_seeds": [10686181169378114004, 11018815147066489492, 17545885610624853034], "episode_types": ["t", "t", "t", "t"], "episode_speed": [[25.0, 20.8544411731307, 20.146013943668194, 20.024952065064255, 24.14982284121841, 24.854714726216347, 24.975172456045936, 29.141316091712888, 25.707702195941643, 20.97537915203621, 20.380148506912022], [25.0, 25.0, 25.0, 29.1455588268693, 19.733742466451883], [25.0, 29.1455588268693, 25.70842722946251, 25.121061878603935, 22.689397939478496]], "episode_crashed": [[false, false, false, false, false, false, false, false, false, false, true], [false, false, false, false, true], [false, false, false, false, true]], "episode_action": [[0, 4, 1, 0, 3, 2, 1, 3, 4, 4, 2], [1, 1, 0, 3, 0], [2, 3, 4, 0, 0]], "episode_cost": [[0.0, 0.0, 0.0, 0.0, 0.0, 0.0, 0.0, 0.0, 0.0, 0.0, 1.0], [0.0, 0.0, 0.0, 0.0, 1.0], [0.0, 0.0, 0.0, 0.0, 1.0]]}