{"initial_reset_timestamp": 1603117130.4124525, "timestamps": [1603117149.4028337, 1603117161.698046], "episode_lengths": [17, 11], "episode_rewards": [12.644444444444447, 8.733333333333334], "episode_rewards_": [[0.7999999999999999, 0.7999999999999999, 0.8222222222222223, 0.688888888888889, 0.688888888888889, 0.6666666666666666, 0.6666666666666666, 0.688888888888889, 0.688888888888889, 0.8222222222222223, 0.7999999999999999, 0.6666666666666666, 0.7999999999999999, 0.8222222222222223, 0.9555555555555556, 0.9555555555555556, 0.3111111111111111], [0.8222222222222223, 0.7999999999999999, 0.7999999999999999, 0.7999999999999999, 0.7999999999999999, 0.9333333333333332, 0.9333333333333332, 0.9555555555555556, 0.8222222222222223, 0.7999999999999999, 0.26666666666666666]], "episode_seeds": [3667317102974115342, 7645233149356538131], "episode_types": ["t", "t", "t"], "episode_speed": [[25.0, 25.0, 25.0, 20.8544411731307, 20.146013943668194, 20.024952065064255, 20.004264014349108, 20.00072866988454, 20.000124521110198, 24.145580106061995, 24.853989692695478, 20.82948972947821, 24.287308862380346, 24.87820946965848, 29.12474625814506, 29.850429433204486, 22.03499039661326], [25.0, 25.0, 25.0, 25.0, 25.0, 29.1455588268693, 29.853986056331806, 29.975047934935745, 25.85017715878159, 25.145285273783653, 21.443577693138106]], "episode_crashed": [[false, false, false, false, false, false, false, false, false, false, false, false, false, false, false, false, true], [false, false, false, false, false, false, false, false, false, false, true]], "episode_action": [[1, 0, 2, 4, 1, 0, 1, 2, 4, 3, 0, 4, 3, 2, 3, 1, 2], [1, 0, 0, 1, 1, 3, 0, 2, 4, 0, 3]], "episode_cost": [[0.0, 0.0, 0.0, 0.0, 0.0, 0.0, 0.0, 0.0, 0.0, 0.0, 0.0, 0.0, 0.0, 0.0, 0.0, 0.0, 1.0], [0.0, 0.0, 0.0, 0.0, 0.0, 0.0, 0.0, 0.0, 0.0, 0.0, 1.0]]}