{"initial_reset_timestamp": 1603119837.5139427, "timestamps": [1603119849.022638, 1603119863.8793945], "episode_lengths": [8, 8], "episode_rewards": [5.955555555555557, 5.022222222222223], "episode_rewards_": [[0.688888888888889, 0.6666666666666666, 0.7999999999999999, 0.8222222222222223, 0.8444444444444444, 0.9777777777777779, 0.9777777777777779, 0.17777777777777773], [0.8222222222222223, 0.688888888888889, 0.688888888888889, 0.688888888888889, 0.688888888888889, 0.7111111111111111, 0.7111111111111111, 0.022222222222222216]], "episode_seeds": [17830128710147896396, 16901408543168915971], "episode_types": ["t", "t", "t"], "episode_speed": [[20.8544411731307, 20.146013943668194, 24.17051089193356, 24.85825007068091, 24.97577660482028, 29.141419333630385, 29.853278665639962, 17.859150709686304], [25.0, 20.8544411731307, 20.146013943668194, 20.024952065064255, 20.004264014349108, 20.00072866988454, 20.000124521110198, 14.109651230045928]], "episode_crashed": [[false, false, false, false, false, false, false, true], [false, false, false, false, false, false, false, true]], "episode_action": [[4, 0, 3, 2, 2, 3, 1, 4], [2, 4, 1, 1, 1, 2, 4, 0]], "episode_cost": [[0.0, 0.0, 0.0, 0.0, 0.0, 0.0, 0.0, 1.0], [0.0, 0.0, 0.0, 0.0, 0.0, 0.0, 0.0, 1.0]]}