{"initial_reset_timestamp": 1603117487.8539515, "timestamps": [1603117493.5975623, 1603117512.2600005], "episode_lengths": [5, 16], "episode_rewards": [3.9111111111111114, 12.68888888888889], "episode_rewards_": [[0.8444444444444444, 0.9777777777777779, 0.9777777777777779, 0.9555555555555556, 0.15555555555555559], [0.8222222222222223, 0.8222222222222223, 0.8222222222222223, 0.7999999999999999, 0.8222222222222223, 0.688888888888889, 0.8222222222222223, 0.7999999999999999, 0.8222222222222223, 0.9555555555555556, 0.9777777777777779, 1.0, 0.8666666666666667, 0.7333333333333334, 0.7333333333333334, 0.20000000000000004]], "episode_seeds": [17018431583874540096, 11696654455677613544], "episode_types": ["t", "t", "t"], "episode_speed": [[25.0, 29.1455588268693, 29.853986056331806, 29.975047934935745, 20.995605908320698], [25.0, 25.0, 25.0, 25.0, 25.0, 20.8544411731307, 24.29157277053749, 24.878938121396065, 24.97931194928485, 29.142023482404728, 29.85338190755746, 29.974944693018244, 25.85015951595257, 20.99972343196245, 20.170840972402445, 19.4747340569176]], "episode_crashed": [[false, false, false, false, true], [false, false, false, false, false, false, false, false, false, false, false, false, false, false, false, true]], "episode_action": [[0, 3, 1, 0, 4], [0, 1, 1, 0, 2, 4, 3, 0, 2, 3, 2, 2, 4, 4, 1, 3]], "episode_cost": [[0.0, 0.0, 0.0, 0.0, 1.0], [0.0, 0.0, 0.0, 0.0, 0.0, 0.0, 0.0, 0.0, 0.0, 0.0, 0.0, 0.0, 0.0, 0.0, 0.0, 1.0]]}