{"initial_reset_timestamp": 1603131028.0802417, "timestamps": [1603131037.199886, 1603131041.4897795, 1603131061.7036157, 1603131076.9837768, 1603131082.648463, 1603131084.879023, 1603131098.4998116, 1603131102.2813172, 1603131144.7140732, 1603131149.834369, 1603131156.2437186, 1603131193.5726714, 1603131199.6514359, 1603131213.6130333, 1603131249.8163373], "episode_lengths": [8, 4, 26, 18, 6, 3, 16, 4, 30, 5, 7, 40, 7, 16, 40], "episode_rewards": [7.0888888888888895, 2.5555555555555554, 19.8, 14.111111111111114, 4.622222222222222, 1.8888888888888888, 12.911111111111113, 3.0666666666666664, 25.888888888888893, 3.844444444444444, 5.4222222222222225, 30.71111111111113, 5.177777777777777, 12.111111111111112, 31.844444444444452], "episode_rewards_": [[0.9777777777777779, 0.9777777777777779, 0.9555555555555556, 0.9555555555555556, 0.9777777777777779, 0.9777777777777779, 0.9555555555555556, 0.3111111111111111], [0.7999999999999999, 0.7999999999999999, 0.7999999999999999, 0.15555555555555559], [0.8666666666666667, 0.7333333333333334, 0.7111111111111111, 0.8444444444444444, 0.8222222222222223, 0.9555555555555556, 0.9555555555555556, 0.9555555555555556, 0.9777777777777779, 0.8444444444444444, 0.8666666666666667, 0.8444444444444444, 0.8222222222222223, 0.688888888888889, 0.688888888888889, 0.688888888888889, 0.6666666666666666, 0.6666666666666666, 0.6666666666666666, 0.6666666666666666, 0.7999999999999999, 0.6666666666666666, 0.6666666666666666, 0.6666666666666666, 0.7999999999999999, 0.26666666666666666], [0.7999999999999999, 0.9333333333333332, 0.7999999999999999, 0.7999999999999999, 0.8222222222222223, 0.688888888888889, 0.6666666666666666, 0.6666666666666666, 0.7999999999999999, 0.8222222222222223, 0.7999999999999999, 0.8222222222222223, 0.7999999999999999, 0.9333333333333332, 0.7999999999999999, 0.9333333333333332, 0.9333333333333332, 0.2888888888888889], [0.8444444444444444, 0.8444444444444444, 0.8666666666666667, 0.8666666666666667, 0.8666666666666667, 0.3333333333333333], [0.9333333333333332, 0.7999999999999999, 0.15555555555555559], [0.8222222222222223, 0.9555555555555556, 0.8222222222222223, 0.688888888888889, 0.688888888888889, 0.7111111111111111, 0.7111111111111111, 0.7333333333333334, 0.7111111111111111, 0.8444444444444444, 0.9777777777777779, 0.9777777777777779, 0.9777777777777779, 0.9777777777777779, 1.0, 0.3111111111111111], [0.9333333333333332, 0.9333333333333332, 0.9333333333333332, 0.26666666666666666], [0.8666666666666667, 0.8444444444444444, 0.8666666666666667, 0.8444444444444444, 0.8444444444444444, 0.7111111111111111, 0.8444444444444444, 0.8222222222222223, 0.9555555555555556, 0.9555555555555556, 0.9333333333333332, 0.9333333333333332, 0.9333333333333332, 0.9333333333333332, 0.9333333333333332, 0.9333333333333332, 0.9555555555555556, 0.9333333333333332, 0.9555555555555556, 0.9555555555555556, 0.8222222222222223, 0.688888888888889, 0.688888888888889, 0.8222222222222223, 0.8444444444444444, 0.8666666666666667, 1.0, 1.0, 1.0, 0.20000000000000004], [0.7999999999999999, 0.9333333333333332, 0.9555555555555556, 0.9777777777777779, 0.17777777777777773], [0.8444444444444444, 0.8222222222222223, 0.8444444444444444, 0.8444444444444444, 0.8666666666666667, 1.0, 0.20000000000000004], [0.8222222222222223, 0.7999999999999999, 0.7999999999999999, 0.7999999999999999, 0.7999999999999999, 0.6666666666666666, 0.6666666666666666, 0.688888888888889, 0.688888888888889, 0.8222222222222223, 0.8444444444444444, 0.8444444444444444, 0.7111111111111111, 0.7333333333333334, 0.7333333333333334, 0.8666666666666667, 0.8444444444444444, 0.8666666666666667, 0.8444444444444444, 0.7111111111111111, 0.7333333333333334, 0.8666666666666667, 0.8666666666666667, 0.7333333333333334, 0.7333333333333334, 0.7111111111111111, 0.7111111111111111, 0.688888888888889, 0.6666666666666666, 0.7999999999999999, 0.7999999999999999, 0.7999999999999999, 0.8222222222222223, 0.7999999999999999, 0.7999999999999999, 0.7999999999999999, 0.7999999999999999, 0.6666666666666666, 0.6666666666666666, 0.688888888888889], [0.8444444444444444, 0.8222222222222223, 0.7999999999999999, 0.7999999999999999, 0.7999999999999999, 0.8222222222222223, 0.2888888888888889], [0.8444444444444444, 0.9777777777777779, 0.8444444444444444, 0.8666666666666667, 0.7333333333333334, 0.7333333333333334, 0.7333333333333334, 0.7333333333333334, 0.7333333333333334, 0.7333333333333334, 0.7111111111111111, 0.7111111111111111, 0.7333333333333334, 0.8666666666666667, 0.8444444444444444, 0.3111111111111111], [0.7111111111111111, 0.7111111111111111, 0.7333333333333334, 0.7333333333333334, 0.7333333333333334, 0.7111111111111111, 0.688888888888889, 0.688888888888889, 0.7111111111111111, 0.688888888888889, 0.6666666666666666, 0.6666666666666666, 0.7999999999999999, 0.6666666666666666, 0.6666666666666666, 0.688888888888889, 0.6666666666666666, 0.688888888888889, 0.8222222222222223, 0.8444444444444444, 0.8444444444444444, 0.8666666666666667, 0.8666666666666667, 1.0, 1.0, 0.9777777777777779, 0.9555555555555556, 0.9333333333333332, 0.9333333333333332, 0.9333333333333332, 0.9333333333333332, 0.7999999999999999, 0.6666666666666666, 0.6666666666666666, 0.7999999999999999, 0.8222222222222223, 0.9555555555555556, 0.8222222222222223, 0.9555555555555556, 0.8222222222222223]], "episode_seeds": [9053913553835610851, 16833023758132463907, 4762871659415164982, 17798011339496995155, 10318297551728289455, 7773810677386135259, 17972359914516663100, 706515567370543108, 18407855830193457118, 10607948737977479933, 7714122806423309015, 2073698664620879334, 4460102969279909250, 17017323081722604777, 2488582238533873755], "episode_types": ["t", "t", "t", "t", "t", "t", "t", "t", "t", "t", "t", "t", "t", "t", "t", "t"],