{"initial_reset_timestamp": 1602531248.2809348, "timestamps": [1602531258.9050353], "episode_lengths": [8], "episode_rewards": [6.333333333333334], "episode_rewards_": [[0.8222222222222223, 0.8444444444444444, 0.8222222222222223, 0.8222222222222223, 0.8222222222222223, 0.9555555555555556, 0.9555555555555556, 0.2888888888888889]], "episode_seeds": [7720863644300647981], "episode_types": ["t", "t"], "episode_speed": [[25.0, 25.0, 25.0, 25.0, 25.0, 29.1455588268693, 29.853986056331806, 22.414271186091064]], "episode_crashed": [[false, false, false, false, false, false, false, true]], "episode_action": [[2, 2, 0, 1, 1, 3, 3, 1]], "episode_cost": [[0.0, 0.0, 0.0, 0.0, 0.0, 0.0, 0.0, 1.0]]}