{"initial_reset_timestamp": 1602704613.2007108, "timestamps": [1602704657.465696], "episode_lengths": [23], "episode_rewards": [20.08888888888889], "episode_rewards_": [[0.8666666666666667, 0.8666666666666667, 0.8444444444444444, 0.8444444444444444, 0.8666666666666667, 0.8666666666666667, 0.8666666666666667, 0.8666666666666667, 0.7333333333333334, 0.7333333333333334, 0.7111111111111111, 0.8444444444444444, 0.8666666666666667, 1.0, 1.0, 1.0, 1.0, 1.0, 1.0, 1.0, 1.0, 0.9777777777777779, 0.3333333333333333]], "episode_seeds": [6232590367551270087], "episode_types": ["t", "t"], "episode_speed": [[25.0, 25.0, 25.0, 25.0, 25.0, 25.0, 25.0, 25.0, 20.8544411731307, 20.146013943668194, 20.024952065064255, 24.14982284121841, 24.854714726216347, 29.120731282915237, 29.849743321175396, 29.97432290141488, 29.995612085952466, 29.99925015711473, 29.99987186067309, 29.999978102496637, 29.99999625797431, 29.999999360531838, 21.8099591194537]], "episode_crashed": [[false, false, false, false, false, false, false, false, false, false, false, false, false, false, false, false, false, false, false, false, false, false, true]], "episode_action": [[1, 2, 0, 1, 2, 2, 1, 2, 4, 1, 0, 3, 2, 3, 3, 1, 2, 1, 2, 1, 2, 0, 2]], "episode_cost": [[0.0, 0.0, 0.0, 0.0, 0.0, 0.0, 0.0, 0.0, 0.0, 0.0, 0.0, 0.0, 0.0, 0.0, 0.0, 0.0, 0.0, 0.0, 0.0, 0.0, 0.0, 0.0, 1.0]]}