{"initial_reset_timestamp": 1603095640.4466376, "timestamps": [1603095664.025909, 1603095668.6796088], "episode_lengths": [17, 3], "episode_rewards": [13.755555555555558, 2.022222222222222], "episode_rewards_": [[0.8222222222222223, 0.688888888888889, 0.8222222222222223, 0.688888888888889, 0.6666666666666666, 0.7999999999999999, 0.7999999999999999, 0.9333333333333332, 0.9333333333333332, 0.9333333333333332, 0.9333333333333332, 0.7999999999999999, 0.8222222222222223, 0.8444444444444444, 0.9777777777777779, 0.9777777777777779, 0.3111111111111111], [0.7999999999999999, 0.9333333333333332, 0.2888888888888889]], "episode_seeds": [7994653904422671823, 11612150037891189157], "episode_types": ["t", "t", "t"], "episode_speed": [[25.0, 20.8544411731307, 24.29157277053749, 20.733379294526763, 20.125325892953043, 24.166975547468986, 24.857645921906563, 29.12123218977208, 29.849828920263874, 29.97433752929199, 29.995614585684567, 25.85369175742023, 25.145885877340433, 25.02493018003559, 29.149819101324493, 29.854714087112477, 17.6484289902023], [25.0, 29.1455588268693, 21.010491707113662]], "episode_crashed": [[false, false, false, false, false, false, false, false, false, false, false, false, false, false, false, false, true], [false, false, true]], "episode_action": [[1, 4, 3, 4, 0, 3, 0, 3, 0, 3, 0, 4, 2, 2, 3, 1, 1], [1, 3, 2]], "episode_cost": [[0.0, 0.0, 0.0, 0.0, 0.0, 0.0, 0.0, 0.0, 0.0, 0.0, 0.0, 0.0, 0.0, 0.0, 0.0, 0.0, 1.0], [0.0, 0.0, 1.0]]}