{"initial_reset_timestamp": 1603117786.8970342, "timestamps": [1603117809.4831758, 1603117815.0581656], "episode_lengths": [19, 5], "episode_rewards": [16.711111111111112, 2.9555555555555557], "episode_rewards_": [[0.8222222222222223, 0.7999999999999999, 0.9333333333333332, 0.9555555555555556, 0.9777777777777779, 1.0, 1.0, 0.9777777777777779, 0.8444444444444444, 0.8666666666666667, 0.8666666666666667, 1.0, 0.8666666666666667, 0.8666666666666667, 0.8666666666666667, 0.8666666666666667, 0.8666666666666667, 1.0, 0.3333333333333333], [0.7333333333333334, 0.7333333333333334, 0.7333333333333334, 0.7111111111111111, 0.04444444444444443]], "episode_seeds": [1535363086973871760, 17125839420570027494], "episode_types": ["t", "t", "t"], "episode_speed": [[25.0, 25.0, 29.1455588268693, 29.853986056331806, 29.975047934935745, 29.995735985650892, 29.99927133011546, 29.999875478889802, 25.854419893938005, 25.146010307304522, 25.02495144365249, 29.149822735026447, 25.70915588120009, 25.121186396613027, 25.020709329377905, 25.003538980737684, 25.00060477017064, 29.145662174976113, 22.044338221085383], [20.8544411731307, 20.146013943668194, 20.024952065064255, 20.004264014349108, 18.089235554226335]], "episode_crashed": [[false, false, false, false, false, false, false, false, false, false, false, false, false, false, false, false, false, false, true], [false, false, false, false, true]], "episode_action": [[2, 0, 3, 2, 2, 2, 2, 0, 4, 2, 1, 3, 4, 2, 1, 1, 2, 3, 2], [4, 4, 1, 0, 1]], "episode_cost": [[0.0, 0.0, 0.0, 0.0, 0.0, 0.0, 0.0, 0.0, 0.0, 0.0, 0.0, 0.0, 0.0, 0.0, 0.0, 0.0, 0.0, 0.0, 1.0], [0.0, 0.0, 0.0, 0.0, 1.0]]}