{"initial_reset_timestamp": 1603094333.552546, "timestamps": [1603094347.0911217, 1603094361.0677614], "episode_lengths": [11, 12], "episode_rewards": [8.444444444444445, 9.088888888888889], "episode_rewards_": [[0.9333333333333332, 0.7999999999999999, 0.6666666666666666, 0.688888888888889, 0.688888888888889, 0.8222222222222223, 0.8222222222222223, 0.8222222222222223, 0.9555555555555556, 0.9555555555555556, 0.2888888888888889], [0.8444444444444444, 0.7111111111111111, 0.7111111111111111, 0.8444444444444444, 0.7111111111111111, 0.688888888888889, 0.8222222222222223, 0.8444444444444444, 0.8444444444444444, 0.8222222222222223, 0.9555555555555556, 0.2888888888888889]], "episode_seeds": [3319232987662846236, 9881669166449830231], "episode_types": ["t", "t", "t"], "episode_speed": [[29.1455588268693, 25.70842722946251, 20.975503051734638, 20.166701994383345, 20.028487409528825, 24.150426989992756, 24.854817968133844, 24.975190098874958, 29.14131910666479, 29.85326153803075, 19.961091174046707], [25.0, 20.8544411731307, 20.146013943668194, 24.17051089193356, 20.71269124381162, 20.121790548488473, 24.166371398694643, 24.85754267998907, 24.97565572007376, 24.99583984898016, 29.14484790600574, 21.222272666696107]], "episode_crashed": [[false, false, false, false, false, false, false, false, false, false, true], [false, false, false, false, false, false, false, false, false, false, false, true]], "episode_action": [[3, 4, 4, 2, 1, 3, 1, 1, 3, 3, 1], [2, 4, 1, 3, 4, 0, 3, 2, 1, 0, 3, 3]], "episode_cost": [[0.0, 0.0, 0.0, 0.0, 0.0, 0.0, 0.0, 0.0, 0.0, 0.0, 1.0], [0.0, 0.0, 0.0, 0.0, 0.0, 0.0, 0.0, 0.0, 0.0, 0.0, 0.0, 1.0]]}