{"initial_reset_timestamp": 1603125610.3136282, "timestamps": [1603125632.0588233, 1603125640.8615792], "episode_lengths": [19, 8], "episode_rewards": [15.044444444444448, 5.0], "episode_rewards_": [[0.8444444444444444, 0.7111111111111111, 0.7111111111111111, 0.688888888888889, 0.7111111111111111, 0.7111111111111111, 0.7333333333333334, 0.7333333333333334, 0.7333333333333334, 0.8666666666666667, 0.8666666666666667, 0.8666666666666667, 1.0, 0.9777777777777779, 0.9777777777777779, 0.8444444444444444, 0.8666666666666667, 0.8666666666666667, 0.3333333333333333], [0.7999999999999999, 0.6666666666666666, 0.6666666666666666, 0.7999999999999999, 0.6666666666666666, 0.6666666666666666, 0.688888888888889, 0.04444444444444443]], "episode_seeds": [5280940096258355280, 12340911568237109689], "episode_types": ["t", "t", "t"], "episode_speed": [[25.0, 20.8544411731307, 20.146013943668194, 20.024952065064255, 20.004264014349108, 20.00072866988454, 20.000124521110198, 20.000021279192694, 20.000003636363672, 24.145559448281066, 24.85398616252376, 24.975047953082697, 29.141294815621293, 29.85325738697721, 29.97492341391611, 25.850155879604376, 25.145281637422627, 25.024826922542744, 20.828395129383782], [25.0, 20.8544411731307, 20.146013943668194, 24.17051089193356, 20.71269124381162, 20.121790548488473, 20.020812571825346, 19.39515497045267]], "episode_crashed": [[false, false, false, false, false, false, false, false, false, false, false, false, false, false, false, false, false, false, true], [false, false, false, false, false, false, false, true]], "episode_action": [[0, 4, 1, 0, 2, 4, 2, 4, 2, 3, 1, 2, 3, 0, 1, 4, 2, 1, 3], [0, 4, 4, 3, 4, 1, 2, 2]], "episode_cost": [[0.0, 0.0, 0.0, 0.0, 0.0, 0.0, 0.0, 0.0, 0.0, 0.0, 0.0, 0.0, 0.0, 0.0, 0.0, 0.0, 0.0, 0.0, 1.0], [0.0, 0.0, 0.0, 0.0, 0.0, 0.0, 0.0, 1.0]]}