{"initial_reset_timestamp": 1588559966.2931962, "timestamps": [1588559997.9364805], "episode_lengths": [30], "episode_rewards": [24.533333333333335], "episode_rewards_": [[0.8222222222222223, 0.7999999999999999, 0.9333333333333332, 0.7999999999999999, 0.9333333333333332, 0.9333333333333332, 0.9333333333333332, 0.9333333333333332, 0.9333333333333332, 0.9333333333333332, 0.9333333333333332, 0.9333333333333332, 0.7999999999999999, 0.6666666666666666, 0.6666666666666666, 0.6666666666666666, 0.6666666666666666, 0.6666666666666666, 0.688888888888889, 0.7111111111111111, 0.8444444444444444, 0.8444444444444444, 0.9777777777777779, 0.9777777777777779, 0.8444444444444444, 0.8222222222222223, 0.8444444444444444, 0.9777777777777779, 0.8444444444444444, 0.20000000000000004]], "episode_seeds": [2231008207153684770], "episode_types": ["t"], "episode_velocity": [[25.0, 25.0, 29.1455588268693, 25.70842722946251, 29.266620705473237, 29.874674107046957, 29.978583279400315, 29.996340134425242, 29.999374572032963, 29.99989312171883, 29.99998173575921, 29.999996878856134, 25.854440639763936, 21.00045502565279, 20.170965993156656, 20.029216076751645, 20.004992683778788, 20.000853190917002, 20.000145800289605, 20.0000249155541, 24.14556308464436, 24.85398678393547, 29.120606886143946, 29.849722063230754, 25.828760441812946, 25.141625408829395, 25.024202116093058, 29.14969468376266, 25.70913399874568, 24.847807030426146]], "episode_crashed": [[false, false, false, false, false, false, false, false, false, false, false, false, false, false, false, false, false, false, false, false, false, false, false, false, false, false, false, false, false, true]], "episode_action": [[0, 0, 3, 4, 3, 3, 1, 3, 1, 1, 3, 3, 4, 4, 4, 4, 1, 0, 2, 2, 3, 1, 3, 3, 4, 0, 2, 3, 4, 2]], "episode_cost": [[0.0, 0.0, 0.0, 0.0, 0.0, 0.0, 0.0, 0.0, 0.0, 0.0, 0.0, 0.0, 0.0, 0.0, 0.0, 0.0, 0.0, 0.0, 0.0, 0.0, 0.0, 0.0, 0.0, 0.0, 0.0, 0.0, 0.0, 0.0, 0.0, 1.0]]}