{"initial_reset_timestamp": 1603132347.8302498, "timestamps": [1603132353.8724358, 1603132366.9786615, 1603132376.543126, 1603132389.8865118, 1603132394.8103673, 1603132398.0726702, 1603132419.1103675, 1603132445.811382], "episode_lengths": [6, 11, 13, 16, 6, 4, 24, 30], "episode_rewards": [4.955555555555555, 8.444444444444445, 10.000000000000002, 12.444444444444443, 4.377777777777778, 2.8888888888888893, 19.133333333333336, 21.93333333333334], "episode_rewards_": [[0.9555555555555556, 0.9333333333333332, 0.9333333333333332, 0.9333333333333332, 0.9333333333333332, 0.26666666666666666], [0.8444444444444444, 0.8222222222222223, 0.8444444444444444, 0.9777777777777779, 0.9777777777777779, 0.9777777777777779, 0.8444444444444444, 0.7111111111111111, 0.7111111111111111, 0.7111111111111111, 0.022222222222222216], [0.688888888888889, 0.688888888888889, 0.6666666666666666, 0.6666666666666666, 0.688888888888889, 0.688888888888889, 0.8222222222222223, 0.9555555555555556, 0.9555555555555556, 0.9777777777777779, 0.9555555555555556, 0.9555555555555556, 0.2888888888888889], [0.8666666666666667, 1.0, 1.0, 0.9777777777777779, 0.8444444444444444, 0.7111111111111111, 0.688888888888889, 0.8222222222222223, 0.7999999999999999, 0.6666666666666666, 0.6666666666666666, 0.688888888888889, 0.7111111111111111, 0.8444444444444444, 0.9777777777777779, 0.17777777777777773], [0.8666666666666667, 0.7333333333333334, 0.8666666666666667, 0.8666666666666667, 0.8444444444444444, 0.20000000000000004], [0.7999999999999999, 0.8222222222222223, 0.9555555555555556, 0.3111111111111111], [0.7333333333333334, 0.7333333333333334, 0.7333333333333334, 0.7333333333333334, 0.7333333333333334, 0.7333333333333334, 0.7333333333333334, 0.7333333333333334, 0.7333333333333334, 0.8666666666666667, 0.8666666666666667, 0.7333333333333334, 0.7333333333333334, 0.8666666666666667, 0.8444444444444444, 0.9777777777777779, 0.9777777777777779, 0.9777777777777779, 0.9555555555555556, 0.9555555555555556, 0.9555555555555556, 0.8222222222222223, 0.8222222222222223, 0.17777777777777773], [0.8222222222222223, 0.8222222222222223, 0.8222222222222223, 0.688888888888889, 0.688888888888889, 0.6666666666666666, 0.688888888888889, 0.688888888888889, 0.6666666666666666, 0.7999999999999999, 0.6666666666666666, 0.688888888888889, 0.688888888888889, 0.7111111111111111, 0.7111111111111111, 0.688888888888889, 0.8222222222222223, 0.8444444444444444, 0.8666666666666667, 0.7333333333333334, 0.8666666666666667, 0.8444444444444444, 0.7111111111111111, 0.7333333333333334, 0.7111111111111111, 0.7111111111111111, 0.8444444444444444, 0.7111111111111111, 0.8444444444444444, 0.17777777777777773]], "episode_seeds": [2897785961601778592, 9101459693962084157, 18326919847531626996, 13592813172718034522, 13916293201585289710, 11359523621161787410, 9520914698240870589, 10382029556256271974], "episode_types": ["t", "t", "t", "t", "t", "t", "t", "t"], "episode_speed": [[29.1455588268693, 29.853986056331806, 29.975047934935745, 29.995735985650892, 29.99927133011546, 22.128109523527534], [25.0, 25.0, 25.0, 29.1455588268693, 29.853986056331806, 29.975047934935745, 25.85017715878159, 20.99972644691435, 20.17084148762226, 20.029194800220676, 20.011378508234788], [20.8544411731307, 20.146013943668194, 20.024952065064255, 20.004264014349108, 20.00072866988454, 20.000124521110198, 24.145580106061995, 28.999548519564783, 29.829034612679315, 29.970784026778595, 29.995007333913307, 29.999146812106368, 21.64630630767745], [25.0, 29.1455588268693, 29.853986056331806, 29.975047934935745, 25.85017715878159, 20.99972644691435, 20.17084148762226, 24.17475362708997, 24.85897510420178, 20.830341677649407, 20.141895623430017, 20.024248292589128, 20.004143747913254, 24.14626694463493, 28.99966589219598, 21.085105873116554], [25.0, 20.8544411731307, 24.29157277053749, 24.878938121396065, 24.97931194928485, 19.8265149510421], [25.0, 25.0, 29.1455588268693, 20.5946688613112], [20.8544411731307, 20.146013943668194, 20.024952065064255, 20.004264014349108, 20.00072866988454, 20.000124521110198, 20.000021279192694, 20.000003636363672, 20.00000062141177, 24.145558933061256, 24.85398607447876, 20.829489111167543, 20.141749929849027, 24.169782222139574, 24.858125549586195, 29.121314152499526, 29.849842926729668, 29.974339922832208, 29.995614994712426, 29.999250654187577, 29.999871945616988, 25.854419290143255, 25.1460102041231, 20.149837639723884], [25.0, 25.0, 25.0, 20.8544411731307, 20.146013943668194, 20.024952065064255, 20.004264014349108, 20.00072866988454, 20.000124521110198, 24.145580106061995, 20.708430865826177, 20.121062500015707, 20.02068815690711, 20.003535362611522, 20.000604151875443, 20.000103242447445, 24.14557646978888, 24.85398907129919, 24.975048450158194, 20.850177246827048, 24.290844115698885, 24.878813602857047, 20.833731843662243, 20.142474962915042, 20.024347294890973, 20.004160666241845, 24.146269835778234, 20.70854873251976, 24.26664146891619, 20.402710682379585]], "episode_crashed": [[false, false, false, false, false, true], [false, false, false, false, false, false, false, false, false, false, true], [false, false, false, false, false, false, false, false, false, false, false, false, true], [false, false, false, false, false, false, false, false, false, false, false, false, false, false, false, true], [false, false, false, false, false, true], [false, false, false, true], [false, false, false, false, false, false, false, false, false, false, false, false, false, false, false, false, false, false, false, false, false, false, false, true], [false, false, false, false, false, false, false, false, false, false, false, false, false, false, false, false, false, false, false, false, false, false, false, false, false, false, false, false, false, true]], "episode_action": [[3, 0, 3, 3, 1, 3], [1, 0, 2, 3, 3, 1, 4, 4, 4, 1, 0], [4, 1, 0, 0, 2, 1, 3, 3, 1, 2, 0, 3, 3], [1, 3, 3, 0, 4, 4, 0, 3, 0, 4, 0, 2, 2, 3, 3, 4], [1, 4, 3, 1, 0, 2], [0, 2, 3, 2], [4, 2, 1, 2, 1, 1, 4, 4, 1, 3, 2, 4, 1, 3, 0, 3, 1, 1, 0, 1, 1, 4, 1, 2], [0, 1, 1, 4, 1, 0, 2, 4, 0, 3, 4, 2, 1, 2, 4, 0, 3, 2, 2, 4, 3, 0, 4, 2, 0, 1, 3, 4, 3, 1]], "episode_cost": [[0.0, 0.0, 0.0, 0.0, 0.0, 1.0], [0.0, 0.0, 0.0, 0.0, 0.0, 0.0, 0.0, 0.0, 0.0, 0.0, 1.0], [0.0, 0.0, 0.0, 0.0, 0.0, 0.0, 0.0, 0.0, 0.0, 0.0, 0.0, 0.0, 1.0], [0.0, 0.0, 0.0, 0.0, 0.0, 0.0, 0.0, 0.0, 0.0, 0.0, 0.0, 0.0, 0.0, 0.0, 0.0, 1.0], [0.0, 0.0, 0.0, 0.0, 0.0, 1.0], [0.0, 0.0, 0.0, 1.0], [0.0, 0.0, 0.0, 0.0, 0.0, 0.0, 0.0, 0.0, 0.0, 0.0, 0.0, 0.0, 0.0, 0.0, 0.0, 0.0, 0.0, 0.0, 0.0, 0.0, 0.0, 0.0, 0.0, 1.0], [0.0, 0.0, 0.0, 0.0, 0.0, 0.0, 0.0, 0.0, 0.0, 0.0, 0.0, 0.0, 0.0, 0.0, 0.0, 0.0, 0.0, 0.0, 0.0, 0.0, 0.0, 0.0, 0.0, 0.0, 0.0, 0.0, 0.0, 0.0, 0.0, 1.0]]}