{"initial_reset_timestamp": 1603118746.2150345, "timestamps": [1603118754.0836613], "episode_lengths": [7], "episode_rewards": [5.022222222222222], "episode_rewards_": [[0.8222222222222223, 0.8222222222222223, 0.7999999999999999, 0.7999999999999999, 0.8222222222222223, 0.7999999999999999, 0.15555555555555559]], "episode_seeds": [11733058833902421321], "episode_types": ["t", "t"], "episode_speed": [[25.0, 25.0, 25.0, 25.0, 25.0, 25.0, 21.967981120347684]], "episode_crashed": [[false, false, false, false, false, false, true]], "episode_action": [[0, 1, 0, 1, 2, 0, 2]], "episode_cost": [[0.0, 0.0, 0.0, 0.0, 0.0, 0.0, 1.0]]}