{"initial_reset_timestamp": 1603130936.2240503, "timestamps": [1603130947.809697, 1603130962.9801934], "episode_lengths": [10, 13], "episode_rewards": [7.133333333333334, 9.177777777777779], "episode_rewards_": [[0.6666666666666666, 0.688888888888889, 0.8222222222222223, 0.8444444444444444, 0.8222222222222223, 0.688888888888889, 0.8222222222222223, 0.7999999999999999, 0.8222222222222223, 0.15555555555555559], [0.688888888888889, 0.6666666666666666, 0.6666666666666666, 0.6666666666666666, 0.688888888888889, 0.8222222222222223, 0.688888888888889, 0.688888888888889, 0.688888888888889, 0.8222222222222223, 0.8222222222222223, 0.9555555555555556, 0.3111111111111111]], "episode_seeds": [7575777969111883590, 4698769140331498583], "episode_types": ["t", "t", "t"], "episode_speed": [[20.8544411731307, 20.146013943668194, 24.17051089193356, 24.85825007068091, 24.97577660482028, 20.850301679891786, 24.29086537984565, 24.878817236649542, 24.97929129150392, 20.678437239429524], [20.8544411731307, 20.146013943668194, 20.024952065064255, 20.004264014349108, 20.00072866988454, 24.145683347979496, 20.7084485086552, 20.121065514967608, 20.02068867212692, 24.149094277525826, 24.854590223253112, 29.120710006823643, 21.758133354701563]], "episode_crashed": [[false, false, false, false, false, false, false, false, false, true], [false, false, false, false, false, false, false, false, false, false, false, false, true]], "episode_action": [[4, 2, 3, 2, 0, 4, 3, 0, 2, 1], [4, 0, 4, 1, 2, 3, 4, 1, 4, 3, 1, 3, 2]], "episode_cost": [[0.0, 0.0, 0.0, 0.0, 0.0, 0.0, 0.0, 0.0, 0.0, 1.0], [0.0, 0.0, 0.0, 0.0, 0.0, 0.0, 0.0, 0.0, 0.0, 0.0, 0.0, 0.0, 1.0]]}