{"initial_reset_timestamp": 1602704308.4082649, "timestamps": [1602704326.633365, 1602704328.6966884, 1602704359.4039857, 1602704364.5450642, 1602704376.2455122, 1602704382.9522111], "episode_lengths": [15, 2, 40, 7, 15, 9], "episode_rewards": [13.822222222222225, 1.2222222222222223, 31.08888888888891, 5.844444444444445, 13.044444444444448, 6.6], "episode_rewards_": [[0.9555555555555556, 0.9777777777777779, 1.0, 1.0, 0.9777777777777779, 0.9777777777777779, 0.9555555555555556, 0.9555555555555556, 0.9777777777777779, 0.9777777777777779, 0.9555555555555556, 0.9777777777777779, 0.9777777777777779, 0.8444444444444444, 0.3111111111111111], [0.9555555555555556, 0.26666666666666666], [0.688888888888889, 0.688888888888889, 0.688888888888889, 0.688888888888889, 0.688888888888889, 0.688888888888889, 0.688888888888889, 0.688888888888889, 0.7111111111111111, 0.7111111111111111, 0.7333333333333334, 0.7333333333333334, 0.7333333333333334, 0.8666666666666667, 0.8444444444444444, 0.9777777777777779, 0.9777777777777779, 0.9777777777777779, 0.8444444444444444, 0.8222222222222223, 0.9555555555555556, 0.8222222222222223, 0.688888888888889, 0.688888888888889, 0.688888888888889, 0.7111111111111111, 0.8444444444444444, 0.7111111111111111, 0.7333333333333334, 0.7333333333333334, 0.7111111111111111, 0.688888888888889, 0.688888888888889, 0.688888888888889, 0.7111111111111111, 0.8444444444444444, 0.8666666666666667, 1.0, 1.0, 0.8666666666666667], [0.8444444444444444, 0.8444444444444444, 0.9777777777777779, 0.9777777777777779, 0.9555555555555556, 0.9555555555555556, 0.2888888888888889], [0.8222222222222223, 0.7999999999999999, 0.8222222222222223, 0.9555555555555556, 0.9333333333333332, 0.9555555555555556, 0.9555555555555556, 0.9333333333333332, 0.9333333333333332, 0.9333333333333332, 0.9333333333333332, 0.9333333333333332, 0.9333333333333332, 0.9333333333333332, 0.26666666666666666], [0.7999999999999999, 0.7999999999999999, 0.9333333333333332, 0.9555555555555556, 0.8222222222222223, 0.688888888888889, 0.6666666666666666, 0.7999999999999999, 0.1333333333333333]], "episode_seeds": [11776307967995481977, 17928848051308612409, 18139933404681716561, 6375460409019706353, 15008856264197195882, 11723693852843827883], "episode_types": ["t", "t", "t", "t", "t", "t", "t"], "episode_speed": [[29.1455588268693, 29.853986056331806, 29.975047934935745, 29.995735985650892, 29.99927133011546, 29.999875478889802, 29.999978720807306, 29.999996363636328, 29.99999937858823, 29.999999893808038, 29.99999998185304, 29.9999999968989, 29.99999999947006, 25.85444117304014, 22.89666815279626], [29.1455588268693, 15.335170694999597], [20.8544411731307, 20.146013943668194, 20.024952065064255, 20.004264014349108, 20.00072866988454, 20.000124521110198, 20.000021279192694, 20.000003636363672, 20.00000062141177, 20.000000106191962, 20.00000001814696, 20.0000000031011, 20.00000000052994, 24.14555882695986, 24.85398605634728, 29.120606761807686, 29.84972204198315, 29.974319265051278, 25.85005263767141, 25.145263994590962, 29.170382734459693, 25.712669343207153, 20.97622797906354, 20.166825875934812, 20.02850857942846, 20.00487178081023, 24.146391356891442, 20.708569499048266, 20.12108619080228, 20.020692205383806, 20.00353605444856, 20.000604270102258, 20.00010326265101, 20.000017646372132, 20.00000301555738, 24.145559342192577, 24.853986144394494, 29.12060677685392, 29.849722044554376, 29.31086403960389], [25.0, 25.0, 29.1455588268693, 29.853986056331806, 29.975047934935745, 29.995735985650892, 20.523741260941406], [25.0, 25.0, 25.0, 29.1455588268693, 29.853986056331806, 29.975047934935745, 29.995735985650892, 29.99927133011546, 29.999875478889802, 29.999978720807306, 29.999996363636328, 29.99999937858823, 29.999999893808038, 29.99999998185304, 22.4284291636619], [25.0, 25.0, 29.1455588268693, 29.853986056331806, 25.82948910806644, 20.996191102449785, 20.170237338847915, 24.174650385172473, 21.24324299263874]], "episode_crashed": [[false, false, false, false, false, false, false, false, false, false, false, false, false, false, true], [false, true], [false, false, false, false, false, false, false, false, false, false, false, false, false, false, false, false, false, false, false, false, false, false, false, false, false, false, false, false, false, false, false, false, false, false, false, false, false, false, false, false], [false, false, false, false, false, false, true], [false, false, false, false, false, false, false, false, false, false, false, false, false, false, true], [false, false, false, false, false, false, false, false, true]], "episode_action": [[3, 2, 2, 3, 0, 1, 0, 1, 2, 1, 0, 2, 3, 4, 3], [3, 0], [4, 4, 4, 1, 4, 1, 4, 1, 2, 4, 2, 1, 1, 3, 0, 3, 3, 3, 4, 0, 3, 4, 4, 1, 4, 2, 3, 4, 2, 4, 0, 0, 1, 1, 2, 3, 2, 3, 2, 4], [0, 1, 3, 3, 0, 3, 3], [0, 0, 2, 3, 0, 2, 3, 0, 0, 1, 1, 0, 1, 3, 3], [1, 0, 3, 2, 4, 4, 0, 3, 1]], "episode_cost": [[0.0, 0.0, 0.0, 0.0, 0.0, 0.0, 0.0, 0.0, 0.0, 0.0, 0.0, 0.0, 0.0, 0.0, 1.0], [0.0, 1.0], [0.0, 0.0, 0.0, 0.0, 0.0, 0.0, 0.0, 0.0, 0.0, 0.0, 0.0, 0.0, 0.0, 0.0, 0.0, 0.0, 0.0, 0.0, 0.0, 0.0, 0.0, 0.0, 0.0, 0.0, 0.0, 0.0, 0.0, 0.0, 0.0, 0.0, 0.0, 0.0, 0.0, 0.0, 0.0, 0.0, 0.0, 0.0, 0.0, 0.0], [0.0, 0.0, 0.0, 0.0, 0.0, 0.0, 1.0], [0.0, 0.0, 0.0, 0.0, 0.0, 0.0, 0.0, 0.0, 0.0, 0.0, 0.0, 0.0, 0.0, 0.0, 1.0], [0.0, 0.0, 0.0, 0.0, 0.0, 0.0, 0.0, 0.0, 1.0]]}