{"initial_reset_timestamp": 1614780696.7166297, "timestamps": [1614780713.4019985, 1614780748.930308, 1614780763.0145564, 1614780781.4134047, 1614780816.325954, 1614780942.5737882, 1614781070.4424527, 1614781095.3559027, 1614781224.2682092, 1614781354.8238995], "episode_lengths": [9, 17, 7, 9, 17, 60, 60, 12, 60, 60], "episode_rewards": [7.222222222222222, 14.26666666666667, 5.022222222222223, 7.6000000000000005, 15.400000000000002, 56.533333333333346, 57.55555555555556, 9.422222222222222, 55.666666666666664, 56.6], "episode_rewards_": [[0.8666666666666667, 1.0, 1.0, 0.8666666666666667, 0.8666666666666667, 0.8666666666666667, 0.8666666666666667, 0.8444444444444444, 0.04444444444444443], [0.9333333333333332, 0.9333333333333332, 0.9333333333333332, 0.7999999999999999, 0.6666666666666666, 0.6666666666666666, 0.7999999999999999, 0.9333333333333332, 0.9333333333333332, 0.9333333333333332, 0.7999999999999999, 0.9333333333333332, 0.9333333333333332, 0.9333333333333332, 0.9333333333333332, 0.9333333333333332, 0.26666666666666666], [1.0, 0.8666666666666667, 0.8666666666666667, 0.7333333333333334, 0.7111111111111111, 0.688888888888889, 0.15555555555555559], [0.9333333333333332, 0.9333333333333332, 0.9333333333333332, 0.9333333333333332, 0.7999999999999999, 0.9333333333333332, 0.9333333333333332, 0.9333333333333332, 0.26666666666666666], [1.0, 1.0, 0.8666666666666667, 0.7333333333333334, 0.7333333333333334, 0.8666666666666667, 1.0, 0.8666666666666667, 1.0, 1.0, 1.0, 1.0, 1.0, 1.0, 1.0, 1.0, 0.3333333333333333], [1.0, 0.8666666666666667, 1.0, 0.8666666666666667, 1.0, 1.0, 1.0, 0.8666666666666667, 0.7333333333333334, 0.7333333333333334, 0.7333333333333334, 0.7333333333333334, 0.8666666666666667, 0.8666666666666667, 1.0, 1.0, 1.0, 1.0, 1.0, 0.8666666666666667, 1.0, 1.0, 0.8666666666666667, 1.0, 0.8666666666666667, 1.0, 0.8666666666666667, 1.0, 0.8666666666666667, 1.0, 1.0, 0.8666666666666667, 1.0, 0.8666666666666667, 1.0, 1.0, 0.8666666666666667, 1.0, 1.0, 0.8666666666666667, 1.0, 1.0, 1.0, 0.8666666666666667, 1.0, 1.0, 1.0, 0.8666666666666667, 1.0, 1.0, 0.8666666666666667, 1.0, 1.0, 1.0, 0.8666666666666667, 1.0, 1.0, 1.0, 1.0, 1.0], [1.0, 1.0, 1.0, 1.0, 0.8666666666666667, 0.8444444444444444, 0.8666666666666667, 0.7333333333333334, 0.7333333333333334, 0.7333333333333334, 0.7333333333333334, 0.7333333333333334, 0.7333333333333334, 0.8666666666666667, 1.0, 0.9777777777777779, 1.0, 1.0, 1.0, 1.0, 1.0, 1.0, 1.0, 1.0, 1.0, 1.0, 1.0, 1.0, 1.0, 1.0, 1.0, 1.0, 1.0, 1.0, 1.0, 1.0, 1.0, 1.0, 1.0, 1.0, 1.0, 0.8666666666666667, 1.0, 1.0, 1.0, 0.8666666666666667, 1.0, 1.0, 1.0, 1.0, 1.0, 1.0, 1.0, 1.0, 1.0, 1.0, 1.0, 1.0, 1.0, 1.0], [0.9555555555555556, 0.9777777777777779, 0.8444444444444444, 0.7111111111111111, 0.7111111111111111, 0.7111111111111111, 0.7333333333333334, 0.8666666666666667, 0.7333333333333334, 0.8666666666666667, 1.0, 0.3111111111111111], [0.8444444444444444, 0.7111111111111111, 0.8444444444444444, 0.8222222222222223, 0.8444444444444444, 0.9777777777777779, 0.9777777777777779, 0.9777777777777779, 0.9777777777777779, 0.9777777777777779, 0.8444444444444444, 0.7111111111111111, 0.7333333333333334, 0.7333333333333334, 0.8666666666666667, 1.0, 1.0, 1.0, 0.8666666666666667, 1.0, 0.8666666666666667, 0.8666666666666667, 0.8666666666666667, 1.0, 1.0, 1.0, 1.0, 1.0, 1.0, 0.8666666666666667, 1.0, 1.0, 0.8666666666666667, 0.7333333333333334, 0.7333333333333334, 0.8666666666666667, 0.8666666666666667, 0.8666666666666667, 1.0, 1.0, 1.0, 1.0, 1.0, 1.0, 1.0, 1.0, 1.0, 1.0, 1.0, 0.9777777777777779, 0.8444444444444444, 0.8666666666666667, 1.0, 1.0, 1.0, 1.0, 1.0, 1.0, 1.0, 0.8666666666666667], [0.9555555555555556, 0.9555555555555556, 0.9555555555555556, 0.8222222222222223, 0.9555555555555556, 0.8222222222222223, 0.8222222222222223, 0.688888888888889, 0.8222222222222223, 0.9555555555555556, 0.9555555555555556, 0.9555555555555556, 0.9555555555555556, 0.9555555555555556, 0.9555555555555556, 0.8222222222222223, 0.8444444444444444, 0.8666666666666667, 1.0, 1.0, 1.0, 0.8666666666666667, 1.0, 1.0, 0.8666666666666667, 0.8666666666666667, 1.0, 1.0, 1.0, 1.0, 1.0, 0.8666666666666667, 1.0, 1.0, 0.8666666666666667, 1.0, 1.0, 0.8666666666666667, 1.0, 1.0, 0.8666666666666667, 1.0, 1.0, 1.0, 0.8666666666666667, 1.0, 1.0, 1.0, 0.8666666666666667, 1.0, 1.0, 1.0, 0.8666666666666667, 1.0, 1.0, 1.0, 1.0, 0.8666666666666667, 1.0, 1.0]], "episode_seeds": [12037106332744317759, 543215513858737763, 11949894668785440320, 13098923800101679000, 7821180135298348971, 13792726255579756572, 12370841048931929975, 11460668873355853774, 1375730055785103130, 217605386793691450], "episode_types": ["t", "t", "t", "t", "t", "t", "t", "t", "t", "t"],