{"initial_reset_timestamp": 1603125470.1466017, "timestamps": [1603125486.5750937], "episode_lengths": [15], "episode_rewards": [12.333333333333334], "episode_rewards_": [[0.688888888888889, 0.8222222222222223, 0.9555555555555556, 0.8222222222222223, 0.8222222222222223, 0.8222222222222223, 0.8222222222222223, 0.9555555555555556, 0.9333333333333332, 0.9555555555555556, 0.9333333333333332, 0.9333333333333332, 0.7999999999999999, 0.9333333333333332, 0.1333333333333333]], "episode_seeds": [13897937982739730504], "episode_types": ["t", "t"], "episode_speed": [[20.8544411731307, 24.29157277053749, 29.024496948265362, 25.687739178747357, 25.11752653413937, 25.020083901940804, 25.003432102547073, 29.146145332814626, 29.854086283297406, 29.975065062544953, 29.995738912557794, 29.999271830289413, 25.85431673749435, 29.29155150595127, 22.91303791395341]], "episode_crashed": [[false, false, false, false, false, false, false, false, false, false, false, false, false, false, true]], "episode_action": [[4, 3, 3, 4, 1, 1, 1, 3, 0, 2, 0, 3, 4, 3, 4]], "episode_cost": [[0.0, 0.0, 0.0, 0.0, 0.0, 0.0, 0.0, 0.0, 0.0, 0.0, 0.0, 0.0, 0.0, 0.0, 1.0]]}