{"initial_reset_timestamp": 1603129305.390752, "timestamps": [1603129315.8301573, 1603129328.4963622], "episode_lengths": [9, 11], "episode_rewards": [5.888888888888888, 7.555555555555555], "episode_rewards_": [[0.7999999999999999, 0.8222222222222223, 0.688888888888889, 0.6666666666666666, 0.6666666666666666, 0.688888888888889, 0.8222222222222223, 0.688888888888889, 0.04444444444444443], [0.8444444444444444, 0.8444444444444444, 0.8222222222222223, 0.7999999999999999, 0.6666666666666666, 0.6666666666666666, 0.6666666666666666, 0.688888888888889, 0.8222222222222223, 0.688888888888889, 0.04444444444444443]], "episode_seeds": [7381387447296463801, 9675602638875906322], "episode_types": ["t", "t", "t"], "episode_speed": [[25.0, 25.0, 20.8544411731307, 20.146013943668194, 20.024952065064255, 20.004264014349108, 24.14628749675384, 20.708551750572703, 20.276154036599827], [25.0, 25.0, 25.0, 25.0, 20.8544411731307, 20.146013943668194, 20.024952065064255, 20.004264014349108, 24.14628749675384, 20.708551750572703, 19.27050734124449]], "episode_crashed": [[false, false, false, false, false, false, false, false, true], [false, false, false, false, false, false, false, false, false, false, true]], "episode_action": [[1, 2, 4, 0, 4, 2, 3, 4, 2], [0, 1, 0, 0, 4, 4, 4, 2, 3, 4, 2]], "episode_cost": [[0.0, 0.0, 0.0, 0.0, 0.0, 0.0, 0.0, 0.0, 1.0], [0.0, 0.0, 0.0, 0.0, 0.0, 0.0, 0.0, 0.0, 0.0, 0.0, 1.0]]}