{"initial_reset_timestamp": 1603116179.5515103, "timestamps": [1603116188.615531, 1603116205.0534127, 1603116210.459692], "episode_lengths": [7, 12, 5], "episode_rewards": [4.688888888888889, 8.866666666666669, 4.022222222222222], "episode_rewards_": [[0.7111111111111111, 0.688888888888889, 0.8222222222222223, 0.9555555555555556, 0.8222222222222223, 0.688888888888889, 0.0], [0.8666666666666667, 0.8444444444444444, 0.7111111111111111, 0.688888888888889, 0.688888888888889, 0.7111111111111111, 0.688888888888889, 0.688888888888889, 0.8222222222222223, 0.9555555555555556, 0.9333333333333332, 0.26666666666666666], [0.8444444444444444, 0.8666666666666667, 1.0, 1.0, 0.3111111111111111]], "episode_seeds": [12619751030767073103, 16126716844554952976, 1069781391309438378], "episode_types": ["t", "t", "t", "t"], "episode_speed": [[20.8544411731307, 20.146013943668194, 24.17051089193356, 29.003808897550215, 25.68420383428279, 20.971363558495725, 19.364473360280257], [25.0, 25.0, 20.8544411731307, 20.146013943668194, 20.024952065064255, 20.004264014349108, 20.00072866988454, 20.000124521110198, 24.145580106061995, 28.999548519564783, 29.829034612679315, 21.61318725560586], [25.0, 25.0, 29.1455588268693, 29.853986056331806, 18.654821866439793]], "episode_crashed": [[false, false, false, false, false, false, true], [false, false, false, false, false, false, false, false, false, false, false, true], [false, false, false, false, true]], "episode_action": [[4, 0, 3, 3, 4, 4, 0], [1, 0, 4, 0, 4, 2, 0, 4, 3, 3, 0, 3], [1, 2, 3, 2, 0]], "episode_cost": [[0.0, 0.0, 0.0, 0.0, 0.0, 0.0, 1.0], [0.0, 0.0, 0.0, 0.0, 0.0, 0.0, 0.0, 0.0, 0.0, 0.0, 0.0, 1.0], [0.0, 0.0, 0.0, 0.0, 1.0]]}