{"initial_reset_timestamp": 1603119649.741844, "timestamps": [1603119669.1133018], "episode_lengths": [15], "episode_rewards": [12.666666666666668], "episode_rewards_": [[1.0, 0.9777777777777779, 1.0, 1.0, 0.8666666666666667, 0.8666666666666667, 0.8444444444444444, 0.7111111111111111, 0.7111111111111111, 0.8444444444444444, 0.9777777777777779, 0.9555555555555556, 0.9555555555555556, 0.8222222222222223, 0.1333333333333333]], "episode_seeds": [16703964518266555466], "episode_types": ["t", "t"], "episode_speed": [[29.1455588268693, 29.853986056331806, 29.975047934935745, 29.995735985650892, 25.85371250324616, 25.145889422557996, 25.02493078587156, 20.858701551116134, 20.146741992140967, 24.170635306851793, 29.003830158595957, 29.829766294414657, 29.970909062578656, 25.849469874191144, 21.86883173014168]], "episode_crashed": [[false, false, false, false, false, false, false, false, false, false, false, false, false, false, true]], "episode_action": [[3, 0, 2, 2, 4, 1, 0, 4, 4, 3, 3, 0, 3, 4, 0]], "episode_cost": [[0.0, 0.0, 0.0, 0.0, 0.0, 0.0, 0.0, 0.0, 0.0, 0.0, 0.0, 0.0, 0.0, 0.0, 1.0]]}