{"initial_reset_timestamp": 1603115097.2978878, "timestamps": [1603115103.6922314, 1603115119.484063], "episode_lengths": [6, 14], "episode_rewards": [5.044444444444445, 10.911111111111113], "episode_rewards_": [[0.8444444444444444, 0.9777777777777779, 0.9777777777777779, 0.9777777777777779, 0.9777777777777779, 0.2888888888888889], [0.8444444444444444, 0.8444444444444444, 0.8666666666666667, 0.8666666666666667, 0.8444444444444444, 0.7111111111111111, 0.7111111111111111, 0.688888888888889, 0.6666666666666666, 0.7999999999999999, 0.9333333333333332, 0.9333333333333332, 0.9333333333333332, 0.26666666666666666]], "episode_seeds": [1106202127920945025, 14798052915829642577], "episode_types": ["t", "t", "t"], "episode_speed": [[25.0, 29.1455588268693, 29.853986056331806, 29.975047934935745, 29.995735985650892, 21.84133997751595], [25.0, 25.0, 25.0, 25.0, 25.0, 20.8544411731307, 20.146013943668194, 20.024952065064255, 20.004264014349108, 24.14628749675384, 28.999669404311298, 29.829055270460245, 29.970787556950306, 22.030940815552178]], "episode_crashed": [[false, false, false, false, false, true], [false, false, false, false, false, false, false, false, false, false, false, false, false, true]], "episode_action": [[0, 3, 1, 1, 1, 0], [2, 1, 2, 2, 0, 4, 1, 0, 0, 3, 3, 0, 1, 1]], "episode_cost": [[0.0, 0.0, 0.0, 0.0, 0.0, 1.0], [0.0, 0.0, 0.0, 0.0, 0.0, 0.0, 0.0, 0.0, 0.0, 0.0, 0.0, 0.0, 0.0, 1.0]]}