{"initial_reset_timestamp": 1603038023.6584368, "timestamps": [1603038025.7924197, 1603038051.7933822, 1603038055.5626373], "episode_lengths": [2, 23, 5], "episode_rewards": [1.3111111111111111, 18.26666666666667, 3.488888888888889], "episode_rewards_": [[1.0, 0.3111111111111111], [0.8444444444444444, 0.8222222222222223, 0.8222222222222223, 0.7999999999999999, 0.7999999999999999, 0.6666666666666666, 0.7999999999999999, 0.9333333333333332, 0.9333333333333332, 0.9333333333333332, 0.9555555555555556, 0.9333333333333332, 0.7999999999999999, 0.7999999999999999, 0.6666666666666666, 0.6666666666666666, 0.7999999999999999, 0.9333333333333332, 0.9333333333333332, 0.9333333333333332, 0.7999999999999999, 0.6666666666666666, 0.022222222222222216], [0.7999999999999999, 0.9333333333333332, 0.7999999999999999, 0.8222222222222223, 0.1333333333333333]], "episode_seeds": [18395158795972864909, 3150092219159417856, 2696860287246721406], "episode_types": ["t", "t", "t", "t"], "episode_speed": [[29.1455588268693, 16.22366376442019], [25.0, 25.0, 25.0, 25.0, 25.0, 20.8544411731307, 24.29157277053749, 29.024496948265362, 29.833298005616655, 29.971512590471175, 29.99513183687655, 29.999168088197962, 25.854299009191486, 25.145989649523596, 20.87938908661148, 20.150277248560528, 24.17123944058028, 29.00393339794229, 29.8297839368043, 29.97091207745548, 25.849470389398125, 20.999605668342127, 20.38959065459597], [25.0, 29.1455588268693, 25.70842722946251, 25.121061878603935, 22.538922109217722]], "episode_crashed": [[false, true], [false, false, false, false, false, false, false, false, false, false, false, false, false, false, false, false, false, false, false, false, false, false, true], [false, false, false, false, true]], "episode_action": [[3, 0], [1, 0, 1, 0, 1, 4, 3, 3, 1, 0, 2, 0, 4, 0, 4, 0, 3, 3, 1, 1, 4, 4, 2], [0, 3, 4, 2, 0]], "episode_cost": [[0.0, 1.0], [0.0, 0.0, 0.0, 0.0, 0.0, 0.0, 0.0, 0.0, 0.0, 0.0, 0.0, 0.0, 0.0, 0.0, 0.0, 0.0, 0.0, 0.0, 0.0, 0.0, 0.0, 0.0, 1.0], [0.0, 0.0, 0.0, 0.0, 1.0]]}