{"initial_reset_timestamp": 1603124393.1256082, "timestamps": [1603124403.41013], "episode_lengths": [9], "episode_rewards": [6.6], "episode_rewards_": [[0.688888888888889, 0.8222222222222223, 0.7999999999999999, 0.7999999999999999, 0.7999999999999999, 0.8222222222222223, 0.7999999999999999, 0.9333333333333332, 0.1333333333333333]], "episode_seeds": [1050406629846159524], "episode_types": ["t", "t"], "episode_speed": [[20.8544411731307, 24.29157277053749, 24.878938121396065, 24.97931194928485, 24.996464655535434, 24.999395851225657, 24.9998967580825, 29.145541184040276, 22.01529161710776]], "episode_crashed": [[false, false, false, false, false, false, false, false, true]], "episode_action": [[4, 3, 0, 1, 0, 2, 0, 3, 4]], "episode_cost": [[0.0, 0.0, 0.0, 0.0, 0.0, 0.0, 0.0, 0.0, 1.0]]}