{"initial_reset_timestamp": 1603129118.2959337, "timestamps": [1603129144.7062063, 1603129152.5577207], "episode_lengths": [21, 7], "episode_rewards": [14.866666666666664, 5.155555555555556], "episode_rewards_": [[0.688888888888889, 0.688888888888889, 0.688888888888889, 0.688888888888889, 0.688888888888889, 0.688888888888889, 0.688888888888889, 0.688888888888889, 0.688888888888889, 0.688888888888889, 0.8222222222222223, 0.688888888888889, 0.6666666666666666, 0.688888888888889, 0.7111111111111111, 0.7111111111111111, 0.7111111111111111, 0.8444444444444444, 0.9777777777777779, 0.9777777777777779, 0.17777777777777773], [0.688888888888889, 0.7111111111111111, 0.7333333333333334, 0.8666666666666667, 0.8444444444444444, 0.9777777777777779, 0.3333333333333333]], "episode_seeds": [17508677743524170122, 11708254464403838935], "episode_types": ["t", "t", "t"], "episode_speed": [[20.8544411731307, 20.146013943668194, 20.024952065064255, 20.004264014349108, 20.00072866988454, 20.000124521110198, 20.000021279192694, 20.000003636363672, 20.00000062141177, 20.000000106191962, 24.145558845016254, 20.708427232563608, 20.121061879133876, 20.020688050805713, 20.003535344480046, 20.00060414877699, 20.000103241917955, 24.1455764696984, 28.999547898153025, 29.829034506487357, 21.6830443879986], [20.8544411731307, 20.146013943668194, 20.024952065064255, 24.14982284121841, 24.854714726216347, 29.120731282915237, 19.319375539207485]], "episode_crashed": [[false, false, false, false, false, false, false, false, false, false, false, false, false, false, false, false, false, false, false, false, true], [false, false, false, false, false, false, true]], "episode_action": [[4, 4, 4, 1, 1, 1, 4, 4, 1, 1, 3, 4, 0, 2, 2, 4, 4, 3, 3, 3, 4], [4, 2, 2, 3, 0, 3, 2]], "episode_cost": [[0.0, 0.0, 0.0, 0.0, 0.0, 0.0, 0.0, 0.0, 0.0, 0.0, 0.0, 0.0, 0.0, 0.0, 0.0, 0.0, 0.0, 0.0, 0.0, 0.0, 1.0], [0.0, 0.0, 0.0, 0.0, 0.0, 0.0, 1.0]]}