{"initial_reset_timestamp": 1603130810.9724197, "timestamps": [1603130825.338173, 1603130837.3365638], "episode_lengths": [13, 11], "episode_rewards": [10.044444444444446, 9.155555555555557], "episode_rewards_": [[0.7333333333333334, 0.7111111111111111, 0.7111111111111111, 0.7111111111111111, 0.7111111111111111, 0.7333333333333334, 0.8666666666666667, 0.7333333333333334, 0.8666666666666667, 1.0, 1.0, 0.9777777777777779, 0.2888888888888889], [0.8222222222222223, 0.9555555555555556, 0.9777777777777779, 0.9555555555555556, 0.9333333333333332, 0.9333333333333332, 0.7999999999999999, 0.8222222222222223, 0.8444444444444444, 0.8222222222222223, 0.2888888888888889]], "episode_seeds": [352431020264022732, 9197676598959954439], "episode_types": ["t", "t", "t"], "episode_speed": [[20.8544411731307, 20.146013943668194, 20.024952065064255, 20.004264014349108, 20.00072866988454, 20.000124521110198, 24.145580106061995, 20.708430865826177, 24.266621326885, 29.020233040108213, 29.832569353879066, 29.971388072462084, 19.912943277591303], [25.0, 29.1455588268693, 29.853986056331806, 29.975047934935745, 29.995735985650892, 29.99927133011546, 25.854316652020504, 25.1459926644755, 25.024948428700583, 25.00426339293734, 21.455671780655365]], "episode_crashed": [[false, false, false, false, false, false, false, false, false, false, false, false, true], [false, false, false, false, false, false, false, false, false, false, true]], "episode_action": [[4, 0, 4, 4, 1, 2, 3, 4, 3, 3, 3, 0, 0], [0, 3, 2, 0, 0, 3, 4, 2, 2, 0, 3]], "episode_cost": [[0.0, 0.0, 0.0, 0.0, 0.0, 0.0, 0.0, 0.0, 0.0, 0.0, 0.0, 0.0, 1.0], [0.0, 0.0, 0.0, 0.0, 0.0, 0.0, 0.0, 0.0, 0.0, 0.0, 1.0]]}