{"initial_reset_timestamp": 1603118144.1768785, "timestamps": [1603118151.3461857, 1603118170.353059], "episode_lengths": [7, 17], "episode_rewards": [6.066666666666666, 14.933333333333337], "episode_rewards_": [[0.8666666666666667, 1.0, 1.0, 1.0, 0.8666666666666667, 1.0, 0.3333333333333333], [0.8666666666666667, 1.0, 1.0, 1.0, 0.9777777777777779, 1.0, 1.0, 1.0, 0.8666666666666667, 0.8666666666666667, 0.8666666666666667, 0.8444444444444444, 0.8666666666666667, 0.8444444444444444, 0.8666666666666667, 0.8666666666666667, 0.20000000000000004]], "episode_seeds": [11282380349149865275, 4779368977322478741], "episode_types": ["t", "t", "t"], "episode_speed": [[25.0, 29.1455588268693, 29.853986056331806, 29.975047934935745, 25.85017715878159, 29.290844100652954, 22.402146346963164], [25.0, 29.1455588268693, 29.853986056331806, 29.975047934935745, 29.995735985650892, 29.99927133011546, 29.999875478889802, 29.999978720807306, 25.85443753676703, 25.146013322256426, 25.024951958872297, 25.00426399620215, 25.000728666783438, 25.00012452058025, 25.000021279102132, 25.0000036363482, 20.73633285473119]], "episode_crashed": [[false, false, false, false, false, false, true], [false, false, false, false, false, false, false, false, false, false, false, false, false, false, false, false, true]], "episode_action": [[2, 3, 3, 2, 4, 3, 1], [2, 3, 2, 1, 0, 2, 1, 3, 4, 1, 1, 0, 2, 0, 2, 1, 1]], "episode_cost": [[0.0, 0.0, 0.0, 0.0, 0.0, 0.0, 1.0], [0.0, 0.0, 0.0, 0.0, 0.0, 0.0, 0.0, 0.0, 0.0, 0.0, 0.0, 0.0, 0.0, 0.0, 0.0, 0.0, 1.0]]}